subject_id,text,label_activity,hidden,pii
Nicole,"Nicole Munoz (kimberly35@example.org) was writing Python scripts from printed materials at 13:49, looking focused. Additional info: Born on 2002-08-07, Card ending in 0307, IP: 95.120.2.48.",paper,"{'age_group': 'undergrad', 'major': 'Computer Science', 'focus': 'focused'}","{'NAME': ['Nicole Munoz'], 'EMAIL': ['kimberly35@example.org'], 'DOB': ['2002-08-07'], 'CREDIT_CARD': ['379526681030307'], 'IP_ADDRESS': ['95.120.2.48']}"
Nicole,"Nicole Munoz (kimberly35@example.org, 983-553-2053) was designing a user interface on a laptop at 10:32, appearing distracted. Additional info: SSN: 405-92-8361, Card ending in 0307, IP: 95.120.2.48.",screen,"{'age_group': 'undergrad', 'major': 'Computer Science', 'focus': 'distracted'}","{'NAME': ['Nicole Munoz'], 'EMAIL': ['kimberly35@example.org'], 'PHONE': ['983-553-2053'], 'SSN': ['405-92-8361'], 'CREDIT_CARD': ['379526681030307'], 'IP_ADDRESS': ['95.120.2.48']}"
Nicole,"Nicole Munoz (kimberly35@example.org) looked away from the desk around 09:13, seeming focused while deploying an app to the cloud. Additional info: Born on 2002-08-07, SSN: 405-92-8361, IP: 95.120.2.48.",wander,"{'age_group': 'undergrad', 'major': 'Computer Science', 'focus': 'focused'}","{'NAME': ['Nicole Munoz'], 'EMAIL': ['kimberly35@example.org'], 'DOB': ['2002-08-07'], 'SSN': ['405-92-8361'], 'IP_ADDRESS': ['95.120.2.48']}"
Nicole,"Nicole Munoz (kimberly35@example.org, 983-553-2053) was setting up a GitHub repository on a laptop at 03:12, appearing distracted. Additional info: Card ending in 0307, IP: 95.120.2.48.",screen,"{'age_group': 'undergrad', 'major': 'Computer Science', 'focus': 'distracted'}","{'NAME': ['Nicole Munoz'], 'EMAIL': ['kimberly35@example.org'], 'PHONE': ['983-553-2053'], 'CREDIT_CARD': ['379526681030307'], 'IP_ADDRESS': ['95.120.2.48']}"
Nicole,"Nicole Munoz (kimberly35@example.org) was training a model from printed materials at 21:56, looking focused. Additional info: Born on 2002-08-07, SSN: 405-92-8361, IP: 95.120.2.48.",paper,"{'age_group': 'undergrad', 'major': 'Computer Science', 'focus': 'focused'}","{'NAME': ['Nicole Munoz'], 'EMAIL': ['kimberly35@example.org'], 'DOB': ['2002-08-07'], 'SSN': ['405-92-8361'], 'IP_ADDRESS': ['95.120.2.48']}"
John,"John Jackson (ymcintyre@example.com) looked away from the desk around 19:35, seeming focused while analyzing server logs. Additional info: Born on 1998-01-22, Card ending in 6792, IP: 145.31.82.197.",wander,"{'age_group': 'undergrad', 'major': 'Computer Science', 'focus': 'focused'}","{'NAME': ['John Jackson'], 'EMAIL': ['ymcintyre@example.com'], 'DOB': ['1998-01-22'], 'CREDIT_CARD': ['503866966792'], 'IP_ADDRESS': ['145.31.82.197']}"
John,"John Jackson (ymcintyre@example.com) was deploying an app to the cloud from printed materials at 08:08, looking focused. Additional info: SSN: 346-39-3348, Card ending in 6792, IP: 145.31.82.197.",paper,"{'age_group': 'undergrad', 'major': 'Computer Science', 'focus': 'focused'}","{'NAME': ['John Jackson'], 'EMAIL': ['ymcintyre@example.com'], 'SSN': ['346-39-3348'], 'CREDIT_CARD': ['503866966792'], 'IP_ADDRESS': ['145.31.82.197']}"
John,"John Jackson (ymcintyre@example.com) was designing a user interface from printed materials at 06:23, looking focused. Additional info: Card ending in 6792, IP: 145.31.82.197.",paper,"{'age_group': 'undergrad', 'major': 'Computer Science', 'focus': 'focused'}","{'NAME': ['John Jackson'], 'EMAIL': ['ymcintyre@example.com'], 'CREDIT_CARD': ['503866966792'], 'IP_ADDRESS': ['145.31.82.197']}"
John,"John Jackson (ymcintyre@example.com, 649-333-8844) was reading API documentation on a laptop at 23:08, appearing focused.",screen,"{'age_group': 'undergrad', 'major': 'Computer Science', 'focus': 'focused'}","{'NAME': ['John Jackson'], 'EMAIL': ['ymcintyre@example.com'], 'PHONE': ['649-333-8844']}"
John,"John Jackson (ymcintyre@example.com) looked away from the desk around 21:19, seeming distracted while fixing merge conflicts. Additional info: Born on 1998-01-22, SSN: 346-39-3348, Card ending in 6792, IP: 145.31.82.197.",wander,"{'age_group': 'undergrad', 'major': 'Computer Science', 'focus': 'distracted'}","{'NAME': ['John Jackson'], 'EMAIL': ['ymcintyre@example.com'], 'DOB': ['1998-01-22'], 'SSN': ['346-39-3348'], 'CREDIT_CARD': ['503866966792'], 'IP_ADDRESS': ['145.31.82.197']}"
Ryan,"Ryan Ruiz (james91@example.com, 858-146-8499) was reading a research article on a laptop at 13:08, appearing distracted. Additional info: Card ending in 2799, IP: 98.211.246.180.",screen,"{'age_group': 'highschool', 'major': 'Biology', 'focus': 'distracted'}","{'NAME': ['Ryan Ruiz'], 'EMAIL': ['james91@example.com'], 'PHONE': ['858-146-8499'], 'CREDIT_CARD': ['6537491984922799'], 'IP_ADDRESS': ['98.211.246.180']}"
Ryan,"Ryan Ruiz (james91@example.com) was measuring enzyme reactions from printed materials at 13:25, looking distracted. Additional info: Born on 2001-03-25, SSN: 315-63-7767, IP: 98.211.246.180.",paper,"{'age_group': 'highschool', 'major': 'Biology', 'focus': 'distracted'}","{'NAME': ['Ryan Ruiz'], 'EMAIL': ['james91@example.com'], 'DOB': ['2001-03-25'], 'SSN': ['315-63-7767'], 'IP_ADDRESS': ['98.211.246.180']}"
Ryan,"Ryan Ruiz (james91@example.com, 858-146-8499) was reviewing anatomy diagrams on a laptop at 22:03, appearing focused. Additional info: IP: 98.211.246.180.",screen,"{'age_group': 'highschool', 'major': 'Biology', 'focus': 'focused'}","{'NAME': ['Ryan Ruiz'], 'EMAIL': ['james91@example.com'], 'PHONE': ['858-146-8499'], 'IP_ADDRESS': ['98.211.246.180']}"
Ryan,"Ryan Ruiz (james91@example.com) looked away from the desk around 04:14, seeming focused while writing a lab report. Additional info: Card ending in 2799.",wander,"{'age_group': 'highschool', 'major': 'Biology', 'focus': 'focused'}","{'NAME': ['Ryan Ruiz'], 'EMAIL': ['james91@example.com'], 'CREDIT_CARD': ['6537491984922799']}"
Ryan,"Ryan Ruiz (james91@example.com) was cleaning lab equipment from printed materials at 13:05, looking distracted. Additional info: Born on 2001-03-25, Card ending in 2799.",paper,"{'age_group': 'highschool', 'major': 'Biology', 'focus': 'distracted'}","{'NAME': ['Ryan Ruiz'], 'EMAIL': ['james91@example.com'], 'DOB': ['2001-03-25'], 'CREDIT_CARD': ['6537491984922799']}"
Jason,"Jason Payne (campbellrenee@example.com) looked away from the desk around 20:37, seeming focused while preparing microscope slides. Additional info: Born on 1998-02-14, SSN: 862-15-0381, Card ending in 7356, IP: 22.193.251.175.",wander,"{'age_group': 'undergrad', 'major': 'Biology', 'focus': 'focused'}","{'NAME': ['Jason Payne'], 'EMAIL': ['campbellrenee@example.com'], 'DOB': ['1998-02-14'], 'SSN': ['862-15-0381'], 'CREDIT_CARD': ['4427672779567356'], 'IP_ADDRESS': ['22.193.251.175']}"
Jason,"Jason Payne (campbellrenee@example.com) was updating a lab notebook from printed materials at 19:13, looking focused. Additional info: Born on 1998-02-14, SSN: 862-15-0381, IP: 22.193.251.175.",paper,"{'age_group': 'undergrad', 'major': 'Biology', 'focus': 'focused'}","{'NAME': ['Jason Payne'], 'EMAIL': ['campbellrenee@example.com'], 'DOB': ['1998-02-14'], 'SSN': ['862-15-0381'], 'IP_ADDRESS': ['22.193.251.175']}"
Jason,"Jason Payne (campbellrenee@example.com) looked away from the desk around 08:23, seeming focused while observing cell growth.",wander,"{'age_group': 'undergrad', 'major': 'Biology', 'focus': 'focused'}","{'NAME': ['Jason Payne'], 'EMAIL': ['campbellrenee@example.com']}"
Jason,"Jason Payne (campbellrenee@example.com) looked away from the desk around 16:40, seeming distracted while analyzing blood samples. Additional info: Card ending in 7356.",wander,"{'age_group': 'undergrad', 'major': 'Biology', 'focus': 'distracted'}","{'NAME': ['Jason Payne'], 'EMAIL': ['campbellrenee@example.com'], 'CREDIT_CARD': ['4427672779567356']}"
Jason,"Jason Payne (campbellrenee@example.com) looked away from the desk around 22:35, seeming distracted while measuring enzyme reactions. Additional info: SSN: 862-15-0381, Card ending in 7356, IP: 22.193.251.175.",wander,"{'age_group': 'undergrad', 'major': 'Biology', 'focus': 'distracted'}","{'NAME': ['Jason Payne'], 'EMAIL': ['campbellrenee@example.com'], 'SSN': ['862-15-0381'], 'CREDIT_CARD': ['4427672779567356'], 'IP_ADDRESS': ['22.193.251.175']}"
Samantha,"Samantha Campbell DDS (michaeljennings@example.net) looked away from the desk around 16:20, seeming focused while comparing trade data. Additional info: IP: 155.71.30.179.",wander,"{'age_group': 'undergrad', 'major': 'Economics', 'focus': 'focused'}","{'NAME': ['Samantha Campbell DDS'], 'EMAIL': ['michaeljennings@example.net'], 'IP_ADDRESS': ['155.71.30.179']}"
Samantha,"Samantha Campbell DDS (michaeljennings@example.net) looked away from the desk around 14:20, seeming focused while updating Excel models. Additional info: SSN: 595-16-2487, Card ending in 6767, IP: 155.71.30.179.",wander,"{'age_group': 'undergrad', 'major': 'Economics', 'focus': 'focused'}","{'NAME': ['Samantha Campbell DDS'], 'EMAIL': ['michaeljennings@example.net'], 'SSN': ['595-16-2487'], 'CREDIT_CARD': ['4574776366767'], 'IP_ADDRESS': ['155.71.30.179']}"
Samantha,"Samantha Campbell DDS (michaeljennings@example.net) looked away from the desk around 05:38, seeming distracted while reading market reports. Additional info: Born on 1995-01-25, SSN: 595-16-2487.",wander,"{'age_group': 'undergrad', 'major': 'Economics', 'focus': 'distracted'}","{'NAME': ['Samantha Campbell DDS'], 'EMAIL': ['michaeljennings@example.net'], 'DOB': ['1995-01-25'], 'SSN': ['595-16-2487']}"
Samantha,"Samantha Campbell DDS (michaeljennings@example.net) was reviewing lecture slides from printed materials at 21:37, looking distracted. Additional info: Born on 1995-01-25, SSN: 595-16-2487.",paper,"{'age_group': 'undergrad', 'major': 'Economics', 'focus': 'distracted'}","{'NAME': ['Samantha Campbell DDS'], 'EMAIL': ['michaeljennings@example.net'], 'DOB': ['1995-01-25'], 'SSN': ['595-16-2487']}"
Samantha,"Samantha Campbell DDS (michaeljennings@example.net) looked away from the desk around 04:21, seeming distracted while summarizing a policy paper. Additional info: Born on 1995-01-25.",wander,"{'age_group': 'undergrad', 'major': 'Economics', 'focus': 'distracted'}","{'NAME': ['Samantha Campbell DDS'], 'EMAIL': ['michaeljennings@example.net'], 'DOB': ['1995-01-25']}"
Julie,"Julie King (ecrawford@example.com, 899-820-0696) was reading market reports on a laptop at 23:56, appearing distracted. Additional info: SSN: 027-75-7433, Card ending in 0462.",screen,"{'age_group': 'undergrad', 'major': 'Economics', 'focus': 'distracted'}","{'NAME': ['Julie King'], 'EMAIL': ['ecrawford@example.com'], 'PHONE': ['899-820-0696'], 'SSN': ['027-75-7433'], 'CREDIT_CARD': ['4590442600462']}"
Julie,"Julie King (ecrawford@example.com) was working on regression homework from printed materials at 02:38, looking focused.",paper,"{'age_group': 'undergrad', 'major': 'Economics', 'focus': 'focused'}","{'NAME': ['Julie King'], 'EMAIL': ['ecrawford@example.com']}"
Julie,"Julie King (ecrawford@example.com) looked away from the desk around 02:39, seeming focused while analyzing GDP charts. Additional info: Born on 2005-02-25, SSN: 027-75-7433, IP: 85.84.65.53.",wander,"{'age_group': 'undergrad', 'major': 'Economics', 'focus': 'focused'}","{'NAME': ['Julie King'], 'EMAIL': ['ecrawford@example.com'], 'DOB': ['2005-02-25'], 'SSN': ['027-75-7433'], 'IP_ADDRESS': ['85.84.65.53']}"
Julie,"Julie King (ecrawford@example.com, 899-820-0696) was forecasting inflation on a laptop at 04:37, appearing distracted. Additional info: Born on 2005-02-25.",screen,"{'age_group': 'undergrad', 'major': 'Economics', 'focus': 'distracted'}","{'NAME': ['Julie King'], 'EMAIL': ['ecrawford@example.com'], 'PHONE': ['899-820-0696'], 'DOB': ['2005-02-25']}"
Julie,"Julie King (ecrawford@example.com) looked away from the desk around 04:43, seeming focused while updating Excel models. Additional info: Born on 2005-02-25.",wander,"{'age_group': 'undergrad', 'major': 'Economics', 'focus': 'focused'}","{'NAME': ['Julie King'], 'EMAIL': ['ecrawford@example.com'], 'DOB': ['2005-02-25']}"
Ronald,"Ronald Walker (christopher43@example.com) looked away from the desk around 19:37, seeming focused while reading Shakespeare. Additional info: Born on 2002-08-25, Card ending in 0850.",wander,"{'age_group': 'undergrad', 'major': 'English', 'focus': 'focused'}","{'NAME': ['Ronald Walker'], 'EMAIL': ['christopher43@example.com'], 'DOB': ['2002-08-25'], 'CREDIT_CARD': ['2716698314610850']}"
Ronald,"Ronald Walker (christopher43@example.com) was analyzing symbolism from printed materials at 13:45, looking distracted. Additional info: Born on 2002-08-25, SSN: 406-91-0959, IP: 165.139.99.6.",paper,"{'age_group': 'undergrad', 'major': 'English', 'focus': 'distracted'}","{'NAME': ['Ronald Walker'], 'EMAIL': ['christopher43@example.com'], 'DOB': ['2002-08-25'], 'SSN': ['406-91-0959'], 'IP_ADDRESS': ['165.139.99.6']}"
Ronald,"Ronald Walker (christopher43@example.com) looked away from the desk around 00:10, seeming focused while reading contemporary fiction. Additional info: Card ending in 0850.",wander,"{'age_group': 'undergrad', 'major': 'English', 'focus': 'focused'}","{'NAME': ['Ronald Walker'], 'EMAIL': ['christopher43@example.com'], 'CREDIT_CARD': ['2716698314610850']}"
Ronald,"Ronald Walker (christopher43@example.com) was revising poetry from printed materials at 17:15, looking focused. Additional info: Born on 2002-08-25, SSN: 406-91-0959.",paper,"{'age_group': 'undergrad', 'major': 'English', 'focus': 'focused'}","{'NAME': ['Ronald Walker'], 'EMAIL': ['christopher43@example.com'], 'DOB': ['2002-08-25'], 'SSN': ['406-91-0959']}"
Ronald,"Ronald Walker (christopher43@example.com) was writing an essay from printed materials at 16:54, looking distracted. Additional info: SSN: 406-91-0959.",paper,"{'age_group': 'undergrad', 'major': 'English', 'focus': 'distracted'}","{'NAME': ['Ronald Walker'], 'EMAIL': ['christopher43@example.com'], 'SSN': ['406-91-0959']}"
Jonathan,"Jonathan Hamilton (christian02@example.org, 798-199-7502) was editing a short story on a laptop at 13:14, appearing distracted. Additional info: Born on 2006-11-24, Card ending in 2300.",screen,"{'age_group': 'grad', 'major': 'English', 'focus': 'distracted'}","{'NAME': ['Jonathan Hamilton'], 'EMAIL': ['christian02@example.org'], 'PHONE': ['798-199-7502'], 'DOB': ['2006-11-24'], 'CREDIT_CARD': ['4287550721682300']}"
Jonathan,"Jonathan Hamilton (christian02@example.org, 798-199-7502) was discussing literary themes on a laptop at 14:06, appearing focused. Additional info: Born on 2006-11-24, SSN: 515-43-8863, Card ending in 2300.",screen,"{'age_group': 'grad', 'major': 'English', 'focus': 'focused'}","{'NAME': ['Jonathan Hamilton'], 'EMAIL': ['christian02@example.org'], 'PHONE': ['798-199-7502'], 'DOB': ['2006-11-24'], 'SSN': ['515-43-8863'], 'CREDIT_CARD': ['4287550721682300']}"
Jonathan,"Jonathan Hamilton (christian02@example.org, 798-199-7502) was writing an essay on a laptop at 11:06, appearing distracted. Additional info: Born on 2006-11-24, Card ending in 2300.",screen,"{'age_group': 'grad', 'major': 'English', 'focus': 'distracted'}","{'NAME': ['Jonathan Hamilton'], 'EMAIL': ['christian02@example.org'], 'PHONE': ['798-199-7502'], 'DOB': ['2006-11-24'], 'CREDIT_CARD': ['4287550721682300']}"
Jonathan,"Jonathan Hamilton (christian02@example.org) was reading contemporary fiction from printed materials at 13:50, looking focused. Additional info: SSN: 515-43-8863, Card ending in 2300, IP: 9.172.229.243.",paper,"{'age_group': 'grad', 'major': 'English', 'focus': 'focused'}","{'NAME': ['Jonathan Hamilton'], 'EMAIL': ['christian02@example.org'], 'SSN': ['515-43-8863'], 'CREDIT_CARD': ['4287550721682300'], 'IP_ADDRESS': ['9.172.229.243']}"
Jonathan,"Jonathan Hamilton (christian02@example.org, 798-199-7502) was analyzing symbolism on a laptop at 10:13, appearing focused. Additional info: SSN: 515-43-8863, Card ending in 2300, IP: 9.172.229.243.",screen,"{'age_group': 'grad', 'major': 'English', 'focus': 'focused'}","{'NAME': ['Jonathan Hamilton'], 'EMAIL': ['christian02@example.org'], 'PHONE': ['798-199-7502'], 'SSN': ['515-43-8863'], 'CREDIT_CARD': ['4287550721682300'], 'IP_ADDRESS': ['9.172.229.243']}"
Shelly,"Shelly Snow (hharrell@example.org) looked away from the desk around 14:56, seeming focused while reviewing quantum mechanics notes. Additional info: SSN: 200-68-7529, IP: 46.141.109.21.",wander,"{'age_group': 'highschool', 'major': 'Physics', 'focus': 'focused'}","{'NAME': ['Shelly Snow'], 'EMAIL': ['hharrell@example.org'], 'SSN': ['200-68-7529'], 'IP_ADDRESS': ['46.141.109.21']}"
Shelly,"Shelly Snow (hharrell@example.org) looked away from the desk around 14:01, seeming focused while verifying calculations. Additional info: Born on 2004-03-16, IP: 46.141.109.21.",wander,"{'age_group': 'highschool', 'major': 'Physics', 'focus': 'focused'}","{'NAME': ['Shelly Snow'], 'EMAIL': ['hharrell@example.org'], 'DOB': ['2004-03-16'], 'IP_ADDRESS': ['46.141.109.21']}"
Shelly,"Shelly Snow (hharrell@example.org) looked away from the desk around 22:54, seeming distracted while solving equations. Additional info: Born on 2004-03-16, SSN: 200-68-7529, Card ending in 4373, IP: 46.141.109.21.",wander,"{'age_group': 'highschool', 'major': 'Physics', 'focus': 'distracted'}","{'NAME': ['Shelly Snow'], 'EMAIL': ['hharrell@example.org'], 'DOB': ['2004-03-16'], 'SSN': ['200-68-7529'], 'CREDIT_CARD': ['4333122660124373'], 'IP_ADDRESS': ['46.141.109.21']}"
Shelly,"Shelly Snow (hharrell@example.org) looked away from the desk around 10:42, seeming focused while checking experiment data. Additional info: Born on 2004-03-16, Card ending in 4373, IP: 46.141.109.21.",wander,"{'age_group': 'highschool', 'major': 'Physics', 'focus': 'focused'}","{'NAME': ['Shelly Snow'], 'EMAIL': ['hharrell@example.org'], 'DOB': ['2004-03-16'], 'CREDIT_CARD': ['4333122660124373'], 'IP_ADDRESS': ['46.141.109.21']}"
Shelly,"Shelly Snow (hharrell@example.org) was measuring voltages from printed materials at 11:02, looking focused. Additional info: Born on 2004-03-16, IP: 46.141.109.21.",paper,"{'age_group': 'highschool', 'major': 'Physics', 'focus': 'focused'}","{'NAME': ['Shelly Snow'], 'EMAIL': ['hharrell@example.org'], 'DOB': ['2004-03-16'], 'IP_ADDRESS': ['46.141.109.21']}"
Crystal,"Crystal Williams (leachkathleen@example.org) was reviewing quantum mechanics notes from printed materials at 03:36, looking distracted. Additional info: SSN: 028-57-4338, IP: 191.36.125.13.",paper,"{'age_group': 'highschool', 'major': 'Physics', 'focus': 'distracted'}","{'NAME': ['Crystal Williams'], 'EMAIL': ['leachkathleen@example.org'], 'SSN': ['028-57-4338'], 'IP_ADDRESS': ['191.36.125.13']}"
Crystal,"Crystal Williams (leachkathleen@example.org, 504-993-6544) was simulating particle motion on a laptop at 13:31, appearing distracted. Additional info: SSN: 028-57-4338, IP: 191.36.125.13.",screen,"{'age_group': 'highschool', 'major': 'Physics', 'focus': 'distracted'}","{'NAME': ['Crystal Williams'], 'EMAIL': ['leachkathleen@example.org'], 'PHONE': ['504-993-6544'], 'SSN': ['028-57-4338'], 'IP_ADDRESS': ['191.36.125.13']}"
Crystal,"Crystal Williams (leachkathleen@example.org) was checking experiment data from printed materials at 09:20, looking focused. Additional info: SSN: 028-57-4338, IP: 191.36.125.13.",paper,"{'age_group': 'highschool', 'major': 'Physics', 'focus': 'focused'}","{'NAME': ['Crystal Williams'], 'EMAIL': ['leachkathleen@example.org'], 'SSN': ['028-57-4338'], 'IP_ADDRESS': ['191.36.125.13']}"
Crystal,"Crystal Williams (leachkathleen@example.org, 504-993-6544) was measuring voltages on a laptop at 20:30, appearing distracted. Additional info: Born on 2006-07-29.",screen,"{'age_group': 'highschool', 'major': 'Physics', 'focus': 'distracted'}","{'NAME': ['Crystal Williams'], 'EMAIL': ['leachkathleen@example.org'], 'PHONE': ['504-993-6544'], 'DOB': ['2006-07-29']}"
Crystal,"Crystal Williams (leachkathleen@example.org, 504-993-6544) was verifying calculations on a laptop at 15:40, appearing distracted. Additional info: Born on 2006-07-29, Card ending in 2274.",screen,"{'age_group': 'highschool', 'major': 'Physics', 'focus': 'distracted'}","{'NAME': ['Crystal Williams'], 'EMAIL': ['leachkathleen@example.org'], 'PHONE': ['504-993-6544'], 'DOB': ['2006-07-29'], 'CREDIT_CARD': ['345983279592274']}"
Maria,"Maria Sanchez (carlahickman@example.net) looked away from the desk around 20:34, seeming focused while reviewing cognitive theories. Additional info: IP: 47.193.156.133.",wander,"{'age_group': 'undergrad', 'major': 'Psychology', 'focus': 'focused'}","{'NAME': ['Maria Sanchez'], 'EMAIL': ['carlahickman@example.net'], 'IP_ADDRESS': ['47.193.156.133']}"
Maria,"Maria Sanchez (carlahickman@example.net) was conducting interviews from printed materials at 05:31, looking distracted. Additional info: Born on 2006-04-14, SSN: 829-26-2043, IP: 47.193.156.133.",paper,"{'age_group': 'undergrad', 'major': 'Psychology', 'focus': 'distracted'}","{'NAME': ['Maria Sanchez'], 'EMAIL': ['carlahickman@example.net'], 'DOB': ['2006-04-14'], 'SSN': ['829-26-2043'], 'IP_ADDRESS': ['47.193.156.133']}"
Maria,"Maria Sanchez (carlahickman@example.net) looked away from the desk around 16:06, seeming focused while coding behavioral data. Additional info: Card ending in 5854, IP: 47.193.156.133.",wander,"{'age_group': 'undergrad', 'major': 'Psychology', 'focus': 'focused'}","{'NAME': ['Maria Sanchez'], 'EMAIL': ['carlahickman@example.net'], 'CREDIT_CARD': ['342675672585854'], 'IP_ADDRESS': ['47.193.156.133']}"
Maria,"Maria Sanchez (carlahickman@example.net) was organizing experiment files from printed materials at 21:29, looking focused. Additional info: SSN: 829-26-2043, Card ending in 5854.",paper,"{'age_group': 'undergrad', 'major': 'Psychology', 'focus': 'focused'}","{'NAME': ['Maria Sanchez'], 'EMAIL': ['carlahickman@example.net'], 'SSN': ['829-26-2043'], 'CREDIT_CARD': ['342675672585854']}"
Maria,"Maria Sanchez (carlahickman@example.net) was scoring personality tests from printed materials at 19:30, looking distracted. Additional info: Born on 2006-04-14, Card ending in 5854, IP: 47.193.156.133.",paper,"{'age_group': 'undergrad', 'major': 'Psychology', 'focus': 'distracted'}","{'NAME': ['Maria Sanchez'], 'EMAIL': ['carlahickman@example.net'], 'DOB': ['2006-04-14'], 'CREDIT_CARD': ['342675672585854'], 'IP_ADDRESS': ['47.193.156.133']}"
Victoria,"Victoria Nichols (pcox@example.org) was reviewing cognitive theories from printed materials at 22:00, looking distracted. Additional info: Card ending in 4904.",paper,"{'age_group': 'grad', 'major': 'Psychology', 'focus': 'distracted'}","{'NAME': ['Victoria Nichols'], 'EMAIL': ['pcox@example.org'], 'CREDIT_CARD': ['6576485907804904']}"
Victoria,"Victoria Nichols (pcox@example.org) was conducting interviews from printed materials at 06:21, looking focused. Additional info: SSN: 236-51-3320, Card ending in 4904, IP: 139.192.10.190.",paper,"{'age_group': 'grad', 'major': 'Psychology', 'focus': 'focused'}","{'NAME': ['Victoria Nichols'], 'EMAIL': ['pcox@example.org'], 'SSN': ['236-51-3320'], 'CREDIT_CARD': ['6576485907804904'], 'IP_ADDRESS': ['139.192.10.190']}"
Victoria,"Victoria Nichols (pcox@example.org, 502-236-5403) was organizing experiment files on a laptop at 12:40, appearing focused. Additional info: Born on 2005-03-19, IP: 139.192.10.190.",screen,"{'age_group': 'grad', 'major': 'Psychology', 'focus': 'focused'}","{'NAME': ['Victoria Nichols'], 'EMAIL': ['pcox@example.org'], 'PHONE': ['502-236-5403'], 'DOB': ['2005-03-19'], 'IP_ADDRESS': ['139.192.10.190']}"
Victoria,"Victoria Nichols (pcox@example.org, 502-236-5403) was reading case studies on a laptop at 12:49, appearing focused. Additional info: SSN: 236-51-3320, IP: 139.192.10.190.",screen,"{'age_group': 'grad', 'major': 'Psychology', 'focus': 'focused'}","{'NAME': ['Victoria Nichols'], 'EMAIL': ['pcox@example.org'], 'PHONE': ['502-236-5403'], 'SSN': ['236-51-3320'], 'IP_ADDRESS': ['139.192.10.190']}"
Victoria,"Victoria Nichols (pcox@example.org) was watching recorded experiments from printed materials at 23:50, looking distracted. Additional info: Born on 2005-03-19, IP: 139.192.10.190.",paper,"{'age_group': 'grad', 'major': 'Psychology', 'focus': 'distracted'}","{'NAME': ['Victoria Nichols'], 'EMAIL': ['pcox@example.org'], 'DOB': ['2005-03-19'], 'IP_ADDRESS': ['139.192.10.190']}"
Brianna,"Brianna Kelly (dmeyer@example.com, 431-591-4820) was researching artists on a laptop at 22:40, appearing distracted. Additional info: SSN: 747-46-8698, Card ending in 0005, IP: 171.8.168.68.",screen,"{'age_group': 'undergrad', 'major': 'Art History', 'focus': 'distracted'}","{'NAME': ['Brianna Kelly'], 'EMAIL': ['dmeyer@example.com'], 'PHONE': ['431-591-4820'], 'SSN': ['747-46-8698'], 'CREDIT_CARD': ['3552788780980005'], 'IP_ADDRESS': ['171.8.168.68']}"
Brianna,"Brianna Kelly (dmeyer@example.com) was reading exhibition essays from printed materials at 10:49, looking focused.",paper,"{'age_group': 'undergrad', 'major': 'Art History', 'focus': 'focused'}","{'NAME': ['Brianna Kelly'], 'EMAIL': ['dmeyer@example.com']}"
Brianna,"Brianna Kelly (dmeyer@example.com, 431-591-4820) was analyzing composition on a laptop at 10:20, appearing focused. Additional info: Born on 1999-11-24, SSN: 747-46-8698, IP: 171.8.168.68.",screen,"{'age_group': 'undergrad', 'major': 'Art History', 'focus': 'focused'}","{'NAME': ['Brianna Kelly'], 'EMAIL': ['dmeyer@example.com'], 'PHONE': ['431-591-4820'], 'DOB': ['1999-11-24'], 'SSN': ['747-46-8698'], 'IP_ADDRESS': ['171.8.168.68']}"
Brianna,"Brianna Kelly (dmeyer@example.com) was cataloging museum images from printed materials at 14:49, looking focused. Additional info: Born on 1999-11-24, Card ending in 0005.",paper,"{'age_group': 'undergrad', 'major': 'Art History', 'focus': 'focused'}","{'NAME': ['Brianna Kelly'], 'EMAIL': ['dmeyer@example.com'], 'DOB': ['1999-11-24'], 'CREDIT_CARD': ['3552788780980005']}"
Brianna,"Brianna Kelly (dmeyer@example.com) was drafting wall labels from printed materials at 10:33, looking focused. Additional info: Born on 1999-11-24, SSN: 747-46-8698, Card ending in 0005.",paper,"{'age_group': 'undergrad', 'major': 'Art History', 'focus': 'focused'}","{'NAME': ['Brianna Kelly'], 'EMAIL': ['dmeyer@example.com'], 'DOB': ['1999-11-24'], 'SSN': ['747-46-8698'], 'CREDIT_CARD': ['3552788780980005']}"
Thomas,"Thomas Johnson (mmitchell@example.org) looked away from the desk around 16:35, seeming focused while reading exhibition essays. Additional info: SSN: 306-36-7678, IP: 53.14.201.86.",wander,"{'age_group': 'undergrad', 'major': 'Art History', 'focus': 'focused'}","{'NAME': ['Thomas Johnson'], 'EMAIL': ['mmitchell@example.org'], 'SSN': ['306-36-7678'], 'IP_ADDRESS': ['53.14.201.86']}"
Thomas,"Thomas Johnson (mmitchell@example.org, 017-692-4306) was drafting wall labels on a laptop at 06:40, appearing focused. Additional info: Born on 2008-01-09.",screen,"{'age_group': 'undergrad', 'major': 'Art History', 'focus': 'focused'}","{'NAME': ['Thomas Johnson'], 'EMAIL': ['mmitchell@example.org'], 'PHONE': ['017-692-4306'], 'DOB': ['2008-01-09']}"
Thomas,"Thomas Johnson (mmitchell@example.org) looked away from the desk around 05:42, seeming distracted while comparing artistic styles. Additional info: Born on 2008-01-09, SSN: 306-36-7678, IP: 53.14.201.86.",wander,"{'age_group': 'undergrad', 'major': 'Art History', 'focus': 'distracted'}","{'NAME': ['Thomas Johnson'], 'EMAIL': ['mmitchell@example.org'], 'DOB': ['2008-01-09'], 'SSN': ['306-36-7678'], 'IP_ADDRESS': ['53.14.201.86']}"
Thomas,"Thomas Johnson (mmitchell@example.org) was describing paintings from printed materials at 03:51, looking focused. Additional info: SSN: 306-36-7678, Card ending in 4108.",paper,"{'age_group': 'undergrad', 'major': 'Art History', 'focus': 'focused'}","{'NAME': ['Thomas Johnson'], 'EMAIL': ['mmitchell@example.org'], 'SSN': ['306-36-7678'], 'CREDIT_CARD': ['342210912514108']}"
Thomas,"Thomas Johnson (mmitchell@example.org) was cataloging museum images from printed materials at 00:25, looking focused. Additional info: Born on 2008-01-09, SSN: 306-36-7678, IP: 53.14.201.86.",paper,"{'age_group': 'undergrad', 'major': 'Art History', 'focus': 'focused'}","{'NAME': ['Thomas Johnson'], 'EMAIL': ['mmitchell@example.org'], 'DOB': ['2008-01-09'], 'SSN': ['306-36-7678'], 'IP_ADDRESS': ['53.14.201.86']}"
Diane,"Diane Kelly (andrew68@example.org, 942-748-4231) was preparing midterm solutions on a laptop at 12:15, appearing focused. Additional info: SSN: 031-55-2169, Card ending in 3837, IP: 195.106.84.29.",screen,"{'age_group': 'grad', 'major': 'Mathematics', 'focus': 'focused'}","{'NAME': ['Diane Kelly'], 'EMAIL': ['andrew68@example.org'], 'PHONE': ['942-748-4231'], 'SSN': ['031-55-2169'], 'CREDIT_CARD': ['4078752053837'], 'IP_ADDRESS': ['195.106.84.29']}"
Diane,"Diane Kelly (andrew68@example.org) looked away from the desk around 07:57, seeming focused while studying topology notes. Additional info: Born on 1995-12-20, SSN: 031-55-2169, IP: 195.106.84.29.",wander,"{'age_group': 'grad', 'major': 'Mathematics', 'focus': 'focused'}","{'NAME': ['Diane Kelly'], 'EMAIL': ['andrew68@example.org'], 'DOB': ['1995-12-20'], 'SSN': ['031-55-2169'], 'IP_ADDRESS': ['195.106.84.29']}"
Diane,"Diane Kelly (andrew68@example.org) was graphing functions from printed materials at 06:27, looking focused. Additional info: Born on 1995-12-20.",paper,"{'age_group': 'grad', 'major': 'Mathematics', 'focus': 'focused'}","{'NAME': ['Diane Kelly'], 'EMAIL': ['andrew68@example.org'], 'DOB': ['1995-12-20']}"
Diane,"Diane Kelly (andrew68@example.org) was proving theorems from printed materials at 08:02, looking distracted. Additional info: IP: 195.106.84.29.",paper,"{'age_group': 'grad', 'major': 'Mathematics', 'focus': 'distracted'}","{'NAME': ['Diane Kelly'], 'EMAIL': ['andrew68@example.org'], 'IP_ADDRESS': ['195.106.84.29']}"
Diane,"Diane Kelly (andrew68@example.org) was exploring number patterns from printed materials at 15:29, looking focused. Additional info: SSN: 031-55-2169, IP: 195.106.84.29.",paper,"{'age_group': 'grad', 'major': 'Mathematics', 'focus': 'focused'}","{'NAME': ['Diane Kelly'], 'EMAIL': ['andrew68@example.org'], 'SSN': ['031-55-2169'], 'IP_ADDRESS': ['195.106.84.29']}"
Wendy,"Wendy Lin (kirbyspencer@example.org) was revising exercises from printed materials at 12:56, looking focused. Additional info: Born on 1998-04-22, IP: 222.41.116.198.",paper,"{'age_group': 'grad', 'major': 'Mathematics', 'focus': 'focused'}","{'NAME': ['Wendy Lin'], 'EMAIL': ['kirbyspencer@example.org'], 'DOB': ['1998-04-22'], 'IP_ADDRESS': ['222.41.116.198']}"
Wendy,"Wendy Lin (kirbyspencer@example.org) was graphing functions from printed materials at 18:21, looking focused. Additional info: Born on 1998-04-22, SSN: 609-40-9102, IP: 222.41.116.198.",paper,"{'age_group': 'grad', 'major': 'Mathematics', 'focus': 'focused'}","{'NAME': ['Wendy Lin'], 'EMAIL': ['kirbyspencer@example.org'], 'DOB': ['1998-04-22'], 'SSN': ['609-40-9102'], 'IP_ADDRESS': ['222.41.116.198']}"
Wendy,"Wendy Lin (kirbyspencer@example.org) looked away from the desk around 05:26, seeming focused while preparing midterm solutions. Additional info: Born on 1998-04-22, Card ending in 7655.",wander,"{'age_group': 'grad', 'major': 'Mathematics', 'focus': 'focused'}","{'NAME': ['Wendy Lin'], 'EMAIL': ['kirbyspencer@example.org'], 'DOB': ['1998-04-22'], 'CREDIT_CARD': ['30016669477655']}"
Wendy,"Wendy Lin (kirbyspencer@example.org) was writing LaTeX notes from printed materials at 06:37, looking distracted. Additional info: SSN: 609-40-9102, Card ending in 7655, IP: 222.41.116.198.",paper,"{'age_group': 'grad', 'major': 'Mathematics', 'focus': 'distracted'}","{'NAME': ['Wendy Lin'], 'EMAIL': ['kirbyspencer@example.org'], 'SSN': ['609-40-9102'], 'CREDIT_CARD': ['30016669477655'], 'IP_ADDRESS': ['222.41.116.198']}"
Wendy,"Wendy Lin (kirbyspencer@example.org, 056-688-8306) was exploring number patterns on a laptop at 06:44, appearing distracted. Additional info: SSN: 609-40-9102, Card ending in 7655, IP: 222.41.116.198.",screen,"{'age_group': 'grad', 'major': 'Mathematics', 'focus': 'distracted'}","{'NAME': ['Wendy Lin'], 'EMAIL': ['kirbyspencer@example.org'], 'PHONE': ['056-688-8306'], 'SSN': ['609-40-9102'], 'CREDIT_CARD': ['30016669477655'], 'IP_ADDRESS': ['222.41.116.198']}"
Mark,"Mark Hansen (burnettvirginia@example.org) looked away from the desk around 04:48, seeming focused while preparing group slides. Additional info: SSN: 833-64-0540, IP: 47.87.95.177.",wander,"{'age_group': 'highschool', 'major': 'Political Science', 'focus': 'focused'}","{'NAME': ['Mark Hansen'], 'EMAIL': ['burnettvirginia@example.org'], 'SSN': ['833-64-0540'], 'IP_ADDRESS': ['47.87.95.177']}"
Mark,"Mark Hansen (burnettvirginia@example.org) was drafting speech outlines from printed materials at 06:21, looking focused. Additional info: Card ending in 5895, IP: 47.87.95.177.",paper,"{'age_group': 'highschool', 'major': 'Political Science', 'focus': 'focused'}","{'NAME': ['Mark Hansen'], 'EMAIL': ['burnettvirginia@example.org'], 'CREDIT_CARD': ['4736684475895'], 'IP_ADDRESS': ['47.87.95.177']}"
Mark,"Mark Hansen (burnettvirginia@example.org) was analyzing election data from printed materials at 02:07, looking distracted. Additional info: SSN: 833-64-0540, Card ending in 5895.",paper,"{'age_group': 'highschool', 'major': 'Political Science', 'focus': 'distracted'}","{'NAME': ['Mark Hansen'], 'EMAIL': ['burnettvirginia@example.org'], 'SSN': ['833-64-0540'], 'CREDIT_CARD': ['4736684475895']}"
Mark,"Mark Hansen (burnettvirginia@example.org) looked away from the desk around 09:08, seeming focused while coding survey responses. Additional info: Born on 1999-12-31, SSN: 833-64-0540, IP: 47.87.95.177.",wander,"{'age_group': 'highschool', 'major': 'Political Science', 'focus': 'focused'}","{'NAME': ['Mark Hansen'], 'EMAIL': ['burnettvirginia@example.org'], 'DOB': ['1999-12-31'], 'SSN': ['833-64-0540'], 'IP_ADDRESS': ['47.87.95.177']}"
Mark,"Mark Hansen (burnettvirginia@example.org, 677-088-1608) was writing policy briefs on a laptop at 13:43, appearing distracted. Additional info: Card ending in 5895.",screen,"{'age_group': 'highschool', 'major': 'Political Science', 'focus': 'distracted'}","{'NAME': ['Mark Hansen'], 'EMAIL': ['burnettvirginia@example.org'], 'PHONE': ['677-088-1608'], 'CREDIT_CARD': ['4736684475895']}"
James,"James Vaughan (henrystevens@example.org) looked away from the desk around 05:55, seeming focused while analyzing election data. Additional info: Card ending in 6809.",wander,"{'age_group': 'undergrad', 'major': 'Political Science', 'focus': 'focused'}","{'NAME': ['James Vaughan'], 'EMAIL': ['henrystevens@example.org'], 'CREDIT_CARD': ['4153300170626809']}"
James,"James Vaughan (henrystevens@example.org) looked away from the desk around 10:00, seeming distracted while preparing group slides. Additional info: Born on 2004-08-20, Card ending in 6809.",wander,"{'age_group': 'undergrad', 'major': 'Political Science', 'focus': 'distracted'}","{'NAME': ['James Vaughan'], 'EMAIL': ['henrystevens@example.org'], 'DOB': ['2004-08-20'], 'CREDIT_CARD': ['4153300170626809']}"
James,"James Vaughan (henrystevens@example.org) looked away from the desk around 06:11, seeming distracted while comparing political systems. Additional info: IP: 3.149.242.157.",wander,"{'age_group': 'undergrad', 'major': 'Political Science', 'focus': 'distracted'}","{'NAME': ['James Vaughan'], 'EMAIL': ['henrystevens@example.org'], 'IP_ADDRESS': ['3.149.242.157']}"
James,"James Vaughan (henrystevens@example.org) looked away from the desk around 06:34, seeming focused while drafting speech outlines. Additional info: SSN: 602-84-3388, Card ending in 6809, IP: 3.149.242.157.",wander,"{'age_group': 'undergrad', 'major': 'Political Science', 'focus': 'focused'}","{'NAME': ['James Vaughan'], 'EMAIL': ['henrystevens@example.org'], 'SSN': ['602-84-3388'], 'CREDIT_CARD': ['4153300170626809'], 'IP_ADDRESS': ['3.149.242.157']}"
James,"James Vaughan (henrystevens@example.org, 521-215-3123) was summarizing debates on a laptop at 20:00, appearing focused. Additional info: Card ending in 6809.",screen,"{'age_group': 'undergrad', 'major': 'Political Science', 'focus': 'focused'}","{'NAME': ['James Vaughan'], 'EMAIL': ['henrystevens@example.org'], 'PHONE': ['521-215-3123'], 'CREDIT_CARD': ['4153300170626809']}"
Lance,"Lance Green (wgonzales@example.org) was preparing a pitch deck from printed materials at 20:22, looking distracted. Additional info: Born on 1995-01-07, SSN: 791-75-5049, Card ending in 9632, IP: 173.150.0.223.",paper,"{'age_group': 'undergrad', 'major': 'Business', 'focus': 'distracted'}","{'NAME': ['Lance Green'], 'EMAIL': ['wgonzales@example.org'], 'DOB': ['1995-01-07'], 'SSN': ['791-75-5049'], 'CREDIT_CARD': ['4589572256499632'], 'IP_ADDRESS': ['173.150.0.223']}"
Lance,"Lance Green (wgonzales@example.org) looked away from the desk around 15:28, seeming focused while updating spreadsheets. Additional info: SSN: 791-75-5049.",wander,"{'age_group': 'undergrad', 'major': 'Business', 'focus': 'focused'}","{'NAME': ['Lance Green'], 'EMAIL': ['wgonzales@example.org'], 'SSN': ['791-75-5049']}"
Lance,"Lance Green (wgonzales@example.org) looked away from the desk around 09:38, seeming focused while designing a product plan. Additional info: Born on 1995-01-07, SSN: 791-75-5049, Card ending in 9632, IP: 173.150.0.223.",wander,"{'age_group': 'undergrad', 'major': 'Business', 'focus': 'focused'}","{'NAME': ['Lance Green'], 'EMAIL': ['wgonzales@example.org'], 'DOB': ['1995-01-07'], 'SSN': ['791-75-5049'], 'CREDIT_CARD': ['4589572256499632'], 'IP_ADDRESS': ['173.150.0.223']}"
Lance,"Lance Green (wgonzales@example.org) was evaluating competitor products from printed materials at 23:16, looking focused. Additional info: Card ending in 9632, IP: 173.150.0.223.",paper,"{'age_group': 'undergrad', 'major': 'Business', 'focus': 'focused'}","{'NAME': ['Lance Green'], 'EMAIL': ['wgonzales@example.org'], 'CREDIT_CARD': ['4589572256499632'], 'IP_ADDRESS': ['173.150.0.223']}"
Lance,"Lance Green (wgonzales@example.org) was organizing meeting notes from printed materials at 23:39, looking distracted. Additional info: IP: 173.150.0.223.",paper,"{'age_group': 'undergrad', 'major': 'Business', 'focus': 'distracted'}","{'NAME': ['Lance Green'], 'EMAIL': ['wgonzales@example.org'], 'IP_ADDRESS': ['173.150.0.223']}"
Dennis,"Dennis Wheeler (uesparza@example.com) looked away from the desk around 03:58, seeming focused while designing a product plan. Additional info: Born on 1995-06-24, SSN: 375-18-2409.",wander,"{'age_group': 'highschool', 'major': 'Business', 'focus': 'focused'}","{'NAME': ['Dennis Wheeler'], 'EMAIL': ['uesparza@example.com'], 'DOB': ['1995-06-24'], 'SSN': ['375-18-2409']}"
Dennis,"Dennis Wheeler (uesparza@example.com) looked away from the desk around 03:48, seeming distracted while writing an email proposal. Additional info: Card ending in 6757.",wander,"{'age_group': 'highschool', 'major': 'Business', 'focus': 'distracted'}","{'NAME': ['Dennis Wheeler'], 'EMAIL': ['uesparza@example.com'], 'CREDIT_CARD': ['370420001866757']}"
Dennis,"Dennis Wheeler (uesparza@example.com) was preparing a pitch deck from printed materials at 19:26, looking distracted. Additional info: Born on 1995-06-24, SSN: 375-18-2409, Card ending in 6757.",paper,"{'age_group': 'highschool', 'major': 'Business', 'focus': 'distracted'}","{'NAME': ['Dennis Wheeler'], 'EMAIL': ['uesparza@example.com'], 'DOB': ['1995-06-24'], 'SSN': ['375-18-2409'], 'CREDIT_CARD': ['370420001866757']}"
Dennis,"Dennis Wheeler (uesparza@example.com, 692-945-7449) was forecasting sales on a laptop at 14:37, appearing focused. Additional info: SSN: 375-18-2409, Card ending in 6757, IP: 139.49.141.243.",screen,"{'age_group': 'highschool', 'major': 'Business', 'focus': 'focused'}","{'NAME': ['Dennis Wheeler'], 'EMAIL': ['uesparza@example.com'], 'PHONE': ['692-945-7449'], 'SSN': ['375-18-2409'], 'CREDIT_CARD': ['370420001866757'], 'IP_ADDRESS': ['139.49.141.243']}"
Dennis,"Dennis Wheeler (uesparza@example.com, 692-945-7449) was updating spreadsheets on a laptop at 00:20, appearing focused. Additional info: Born on 1995-06-24, SSN: 375-18-2409.",screen,"{'age_group': 'highschool', 'major': 'Business', 'focus': 'focused'}","{'NAME': ['Dennis Wheeler'], 'EMAIL': ['uesparza@example.com'], 'PHONE': ['692-945-7449'], 'DOB': ['1995-06-24'], 'SSN': ['375-18-2409']}"
